{ "compressionlevel":-1,
 "height":10,
 "infinite":false,
 "layers":[
        {
         "data":[0, 111, 111, 111, 111, 111, 111, 111, 111, 0,
            0, 111, 111, 111, 111, 111, 111, 111, 111, 0,
            0, 95, 95, 95, 95, 95, 95, 95, 95, 0,
            0, 111, 111, 111, 111, 111, 111, 111, 111, 0,
            0, 111, 111, 111, 111, 111, 111, 111, 111, 0,
            0, 111, 111, 111, 111, 111, 111, 111, 111, 0,
            0, 111, 111, 111, 111, 111, 111, 111, 111, 0,
            0, 111, 111, 111, 111, 111, 111, 111, 111, 0,
            0, 111, 111, 111, 111, 111, 111, 111, 111, 0,
            0, 0, 0, 0, 0, 0, 0, 0, 0, 0],
         "height":10,
         "id":1,
         "name":"0",
         "opacity":1,
         "type":"tilelayer",
         "visible":true,
         "width":10,
         "x":0,
         "y":0
        }, 
        {
         "data":[0, 0, 0, 0, 0, 0, 0, 0, 0, 0,
            0, 0, 0, 0, 0, 0, 0, 0, 0, 0,
            0, 0, 0, 0, 0, 0, 0, 0, 0, 0,
            0, 0, 0, 0, 0, 0, 0, 0, 0, 0,
            0, 0, 0, 0, 0, 0, 0, 0, 0, 0,
            0, 0, 0, 0, 0, 0, 0, 0, 0, 0,
            0, 0, 0, 0, 0, 0, 0, 0, 0, 0,
            0, 0, 0, 0, 0, 0, 0, 0, 990, 0,
            0, 0, 0, 0, 0, 0, 0, 0, 1006, 0,
            0, 0, 0, 0, 0, 0, 0, 0, 0, 0],
         "height":10,
         "id":6,
         "name":"1",
         "opacity":1,
         "type":"tilelayer",
         "visible":true,
         "width":10,
         "x":0,
         "y":0
        }, 
        {
         "data":[24, 178, 178, 178, 178, 178, 178, 178, 178, 26,
            40, 194, 194, 194, 194, 194, 194, 194, 194, 42,
            40, 0, 0, 0, 0, 0, 0, 0, 0, 42,
            40, 0, 0, 0, 0, 0, 0, 0, 0, 42,
            40, 0, 0, 0, 0, 0, 0, 0, 0, 42,
            40, 146, 146, 146, 146, 146, 146, 0, 146, 42,
            40, 162, 162, 162, 162, 162, 162, 46, 162, 42,
            40, 31, 31, 31, 31, 31, 31, 32, 31, 42,
            40, 0, 0, 0, 0, 0, 0, 0, 0, 42,
            56, 57, 57, 57, 57, 57, 57, 57, 57, 58],
         "height":10,
         "id":3,
         "name":"2",
         "opacity":1,
         "type":"tilelayer",
         "visible":true,
         "width":10,
         "x":0,
         "y":0
        }, 
        {
         "data":[0, 0, 0, 0, 0, 0, 343, 845, 846, 0,
            0, 0, 0, 0, 0, 0, 359, 861, 862, 0,
            0, 0, 0, 0, 0, 0, 0, 877, 878, 0,
            0, 0, 0, 777, 820, 0, 0, 0, 0, 0,
            0, 0, 0, 793, 852, 0, 0, 0, 0, 0,
            0, 0, 0, 0, 0, 417, 418, 0, 240, 0,
            0, 0, 0, 0, 0, 433, 434, 0, 256, 0,
            0, 0, 0, 0, 0, 0, 0, 0, 407, 0,
            0, 0, 0, 0, 0, 0, 0, 0, 0, 0,
            0, 0, 0, 0, 0, 0, 0, 0, 0, 0],
         "height":10,
         "id":5,
         "name":"3",
         "opacity":1,
         "type":"tilelayer",
         "visible":true,
         "width":10,
         "x":0,
         "y":0
        }, 
        {
         "data":[0, 0, 0, 394, 395, 0, 0, 0, 0, 0,
            0, 1021, 1022, 410, 411, 1017, 0, 0, 0, 0,
            0, 1037, 1038, 0, 0, 1033, 0, 0, 0, 0,
            0, 0, 0, 0, 795, 0, 0, 0, 449, 0,
            0, 0, 0, 0, 825, 0, 0, 0, 465, 0,
            0, 428, 429, 0, 0, 0, 0, 0, 240, 0,
            0, 497, 498, 529, 530, 391, 561, 0, 391, 0,
            0, 513, 514, 545, 546, 407, 577, 0, 407, 0,
            0, 0, 0, 0, 0, 0, 0, 0, 1006, 0,
            0, 0, 0, 0, 0, 0, 0, 0, 0, 0],
         "height":10,
         "id":8,
         "name":"4",
         "opacity":1,
         "type":"tilelayer",
         "visible":true,
         "width":10,
         "x":0,
         "y":0
        }, 
        {
         "data":[1074, 1074, 1074, 1074, 1074, 1074, 1074, 1074, 1074, 1074,
            1074, 1074, 1074, 1074, 1074, 1074, 1074, 1074, 1074, 1074,
            1074, 0, 0, 0, 0, 0, 0, 0, 0, 1074,
            1074, 0, 0, 0, 1074, 0, 0, 0, 0, 1074,
            1074, 0, 0, 0, 1074, 0, 0, 0, 1074, 1074,
            1074, 1074, 1074, 1074, 1074, 1074, 1074, 0, 1074, 1074,
            1074, 1074, 1074, 1074, 1074, 1074, 1074, 0, 1074, 1074,
            1074, 0, 0, 0, 0, 0, 0, 0, 0, 1074,
            1074, 0, 0, 0, 0, 0, 0, 0, 0, 1074,
            1074, 1074, 1074, 1074, 1074, 1074, 1074, 1074, 1074, 1074],
         "height":10,
         "id":4,
         "name":"collision",
         "opacity":1,
         "type":"tilelayer",
         "visible":true,
         "width":10,
         "x":0,
         "y":0
        }],
 "nextlayerid":9,
 "nextobjectid":1,
 "orientation":"orthogonal",
 "renderorder":"right-down",
 "tiledversion":"1.11.0",
 "tileheight":16,
 "tilesets":[
        {
         "firstgid":1,
         "source":"Room_Builder_Office_16x16.json"
        }, 
        {
         "firstgid":225,
         "source":"Modern_Office_Black_Shadow.json"
        }, 
        {
         "firstgid":1073,
         "source":"collision_tileset.json"
        }],
 "tilewidth":16,
 "type":"map",
 "version":"1.10",
 "width":10
}